TenFile,Ngay,NgayQuay,Vong,Buoi,ThuMucVong,GioBatDau,ThoiLuongPhut,DungLuongMB,PhanLoai
DJI_20260925091116_0135_D.MP4,1,2026-09-25,1,Sang,Vong_1_Sang_09h11-12h51,09:11:16,4.8,1305,H
DJI_20260925091721_0136_D.MP4,1,2026-09-25,1,Sang,Vong_1_Sang_09h11-12h51,09:17:21,55.7,15005,T
DJI_20260925121748_0137_D.MP4,1,2026-09-25,1,Sang,Vong_1_Sang_09h11-12h51,12:17:48,5.4,1465,H
DJI_20260925122403_0138_D.MP4,1,2026-09-25,1,Sang,Vong_1_Sang_09h11-12h51,12:24:03,0.1,40,K
DJI_20260925122542_0139_D.MP4,1,2026-09-25,1,Sang,Vong_1_Sang_09h11-12h51,12:25:42,6.3,1708,H
DJI_20260925123225_0140_D.MP4,1,2026-09-25,1,Sang,Vong_1_Sang_09h11-12h51,12:32:25,3.4,923,H
DJI_20260925123605_0141_D.MP4,1,2026-09-25,1,Sang,Vong_1_Sang_09h11-12h51,12:36:05,4.7,1269,H
DJI_20260925124206_0142_D.MP4,1,2026-09-25,1,Sang,Vong_1_Sang_09h11-12h51,12:42:06,2.0,529,H
DJI_20260925124428_0143_D.MP4,1,2026-09-25,1,Sang,Vong_1_Sang_09h11-12h51,12:44:28,2.7,740,H
DJI_20260925125145_0144_D.MP4,1,2026-09-25,1,Sang,Vong_1_Sang_09h11-12h51,12:51:45,3.0,797,H
DJI_20260925145313_0145_D.MP4,1,2026-09-25,2,Chieu,Vong_2_Chieu_14h53-17h09,14:53:13,8.3,2249,T
DJI_20260925150127_0146_D.MP4,1,2026-09-25,2,Chieu,Vong_2_Chieu_14h53-17h09,15:01:27,6.9,1858,H
DJI_20260925150810_0147_D.MP4,1,2026-09-25,2,Chieu,Vong_2_Chieu_14h53-17h09,15:08:10,4.4,1195,H
DJI_20260925151228_0148_D.MP4,1,2026-09-25,2,Chieu,Vong_2_Chieu_14h53-17h09,15:12:28,4.1,1093,H
DJI_20260925163727_0149_D.MP4,1,2026-09-25,2,Chieu,Vong_2_Chieu_14h53-17h09,16:37:27,0.2,59,K
DJI_20260925163952_0150_D.MP4,1,2026-09-25,2,Chieu,Vong_2_Chieu_14h53-17h09,16:39:52,2.0,550,H
DJI_20260925164206_0151_D.MP4,1,2026-09-25,2,Chieu,Vong_2_Chieu_14h53-17h09,16:42:06,2.8,759,H
DJI_20260925164455_0152_D.MP4,1,2026-09-25,2,Chieu,Vong_2_Chieu_14h53-17h09,16:44:55,3.2,863,H
DJI_20260925164818_0153_D.MP4,1,2026-09-25,2,Chieu,Vong_2_Chieu_14h53-17h09,16:48:18,3.2,857,H
DJI_20260925165240_0154_D.MP4,1,2026-09-25,2,Chieu,Vong_2_Chieu_14h53-17h09,16:52:40,0.8,226,H
DJI_20260925165417_0155_D.MP4,1,2026-09-25,2,Chieu,Vong_2_Chieu_14h53-17h09,16:54:17,2.4,659,H
DJI_20260925165712_0156_D.MP4,1,2026-09-25,2,Chieu,Vong_2_Chieu_14h53-17h09,16:57:12,0.8,226,H
DJI_20260925165817_0157_D.MP4,1,2026-09-25,2,Chieu,Vong_2_Chieu_14h53-17h09,16:58:17,3.6,982,H
DJI_20260925170232_0158_D.MP4,1,2026-09-25,2,Chieu,Vong_2_Chieu_14h53-17h09,17:02:32,0.2,48,K
DJI_20260925170249_0159_D.MP4,1,2026-09-25,2,Chieu,Vong_2_Chieu_14h53-17h09,17:02:49,1.4,387,H
DJI_20260925170430_0160_D.MP4,1,2026-09-25,2,Chieu,Vong_2_Chieu_14h53-17h09,17:04:30,2.3,627,H
DJI_20260925170718_0161_D.MP4,1,2026-09-25,2,Chieu,Vong_2_Chieu_14h53-17h09,17:07:18,2.4,638,H
DJI_20260925170950_0162_D.MP4,1,2026-09-25,2,Chieu,Vong_2_Chieu_14h53-17h09,17:09:50,2.8,756,H
DJI_20260925191203_0163_D.MP4,1,2026-09-25,3,Toi,Vong_3_Toi_19h12-20h02,19:12:03,0.4,110,K
DJI_20260925191231_0164_D.MP4,1,2026-09-25,3,Toi,Vong_3_Toi_19h12-20h02,19:12:31,0.4,121,K
DJI_20260925191307_0165_D.MP4,1,2026-09-25,3,Toi,Vong_3_Toi_19h12-20h02,19:13:07,0.2,63,K
DJI_20260925191330_0166_D.MP4,1,2026-09-25,3,Toi,Vong_3_Toi_19h12-20h02,19:13:30,1.3,352,H
DJI_20260925191503_0167_D.MP4,1,2026-09-25,3,Toi,Vong_3_Toi_19h12-20h02,19:15:03,0.8,204,H
DJI_20260925191722_0168_D.MP4,1,2026-09-25,3,Toi,Vong_3_Toi_19h12-20h02,19:17:22,1.3,341,H
DJI_20260925191841_0169_D.MP4,1,2026-09-25,3,Toi,Vong_3_Toi_19h12-20h02,19:18:41,0.7,185,H
DJI_20260925191924_0170_D.MP4,1,2026-09-25,3,Toi,Vong_3_Toi_19h12-20h02,19:19:24,0.6,149,H
DJI_20260925192117_0171_D.MP4,1,2026-09-25,3,Toi,Vong_3_Toi_19h12-20h02,19:21:17,2.2,587,H
DJI_20260925192559_0172_D.MP4,1,2026-09-25,3,Toi,Vong_3_Toi_19h12-20h02,19:25:59,0.1,27,K
DJI_20260925192805_0173_D.MP4,1,2026-09-25,3,Toi,Vong_3_Toi_19h12-20h02,19:28:05,2.5,682,H
DJI_20260925193055_0174_D.MP4,1,2026-09-25,3,Toi,Vong_3_Toi_19h12-20h02,19:30:55,3.1,831,H
DJI_20260925193333_0175_D.MP4,1,2026-09-25,3,Toi,Vong_3_Toi_19h12-20h02,19:33:33,2.4,649,H
DJI_20260925193649_0176_D.MP4,1,2026-09-25,3,Toi,Vong_3_Toi_19h12-20h02,19:36:49,2.0,540,H
DJI_20260925193902_0177_D.MP4,1,2026-09-25,3,Toi,Vong_3_Toi_19h12-20h02,19:39:02,1.3,342,H
DJI_20260925194055_0178_D.MP4,1,2026-09-25,3,Toi,Vong_3_Toi_19h12-20h02,19:40:55,2.3,628,H
DJI_20260925194303_0179_D.MP4,1,2026-09-25,3,Toi,Vong_3_Toi_19h12-20h02,19:43:03,3.7,1009,H
DJI_20260925194625_0180_D.MP4,1,2026-09-25,3,Toi,Vong_3_Toi_19h12-20h02,19:46:25,0.0,12,K
DJI_20260925194632_0181_D.MP4,1,2026-09-25,3,Toi,Vong_3_Toi_19h12-20h02,19:46:32,2.0,542,H
DJI_20260925194859_0182_D.MP4,1,2026-09-25,3,Toi,Vong_3_Toi_19h12-20h02,19:48:59,2.7,738,H
DJI_20260925195223_0183_D.MP4,1,2026-09-25,3,Toi,Vong_3_Toi_19h12-20h02,19:52:23,1.1,286,H
DJI_20260925195336_0184_D.MP4,1,2026-09-25,3,Toi,Vong_3_Toi_19h12-20h02,19:53:36,1.5,403,H
DJI_20260925195542_0185_D.MP4,1,2026-09-25,3,Toi,Vong_3_Toi_19h12-20h02,19:55:42,1.0,259,H
DJI_20260925195656_0186_D.MP4,1,2026-09-25,3,Toi,Vong_3_Toi_19h12-20h02,19:56:56,2.0,542,H
DJI_20260925200218_0187_D.MP4,1,2026-09-25,3,Toi,Vong_3_Toi_19h12-20h02,20:02:18,4.0,1092,H
DJI_20260926084419_0188_D.MP4,2,2026-09-26,1,Sang,Vong_1_Sang_08h44-09h10,08:44:19,2.3,614,H
DJI_20260926084656_0189_D.MP4,2,2026-09-26,1,Sang,Vong_1_Sang_08h44-09h10,08:46:56,4.5,1200,H
DJI_20260926085140_0190_D.MP4,2,2026-09-26,1,Sang,Vong_1_Sang_08h44-09h10,08:51:40,1.7,454,H
DJI_20260926085402_0191_D.MP4,2,2026-09-26,1,Sang,Vong_1_Sang_08h44-09h10,08:54:02,2.9,778,H
DJI_20260926085709_0192_D.MP4,2,2026-09-26,1,Sang,Vong_1_Sang_08h44-09h10,08:57:09,3.7,995,H
DJI_20260926090112_0193_D.MP4,2,2026-09-26,1,Sang,Vong_1_Sang_08h44-09h10,09:01:12,9.0,2434,T
DJI_20260926091018_0194_D.MP4,2,2026-09-26,1,Sang,Vong_1_Sang_08h44-09h10,09:10:18,2.9,773,H
DJI_20260926110527_0195_D.MP4,2,2026-09-26,2,Trua,Vong_2_Trua_11h05-11h31,11:05:27,0.4,97,K
DJI_20260926110604_0196_D.MP4,2,2026-09-26,2,Trua,Vong_2_Trua_11h05-11h31,11:06:04,1.9,504,H
DJI_20260926110805_0197_D.MP4,2,2026-09-26,2,Trua,Vong_2_Trua_11h05-11h31,11:08:05,2.9,782,H
DJI_20260926111158_0198_D.MP4,2,2026-09-26,2,Trua,Vong_2_Trua_11h05-11h31,11:11:58,2.4,658,H
DJI_20260926111441_0199_D.MP4,2,2026-09-26,2,Trua,Vong_2_Trua_11h05-11h31,11:14:41,3.1,825,H
DJI_20260926111758_0200_D.MP4,2,2026-09-26,2,Trua,Vong_2_Trua_11h05-11h31,11:17:58,1.6,433,H
DJI_20260926111955_0201_D.MP4,2,2026-09-26,2,Trua,Vong_2_Trua_11h05-11h31,11:19:55,2.9,772,H
DJI_20260926112300_0202_D.MP4,2,2026-09-26,2,Trua,Vong_2_Trua_11h05-11h31,11:23:00,2.0,547,H
DJI_20260926112500_0203_D.MP4,2,2026-09-26,2,Trua,Vong_2_Trua_11h05-11h31,11:25:00,4.2,1127,H
DJI_20260926112911_0204_D.MP4,2,2026-09-26,2,Trua,Vong_2_Trua_11h05-11h31,11:29:11,2.1,578,H
DJI_20260926113133_0205_D.MP4,2,2026-09-26,2,Trua,Vong_2_Trua_11h05-11h31,11:31:33,11.3,3047,T
DJI_20260926143943_0206_D.MP4,2,2026-09-26,3,Chieu,Vong_3_Chieu_14h39-17h05,14:39:43,1.6,436,H
DJI_20260926144119_0207_D.MP4,2,2026-09-26,3,Chieu,Vong_3_Chieu_14h39-17h05,14:41:19,1.5,392,H
DJI_20260926144302_0208_D.MP4,2,2026-09-26,3,Chieu,Vong_3_Chieu_14h39-17h05,14:43:02,1.4,389,H
DJI_20260926144439_0209_D.MP4,2,2026-09-26,3,Chieu,Vong_3_Chieu_14h39-17h05,14:44:39,4.3,1167,H
DJI_20260926144947_0210_D.MP4,2,2026-09-26,3,Chieu,Vong_3_Chieu_14h39-17h05,14:49:47,5.5,1491,H
DJI_20260926145534_0211_D.MP4,2,2026-09-26,3,Chieu,Vong_3_Chieu_14h39-17h05,14:55:34,0.9,241,H
DJI_20260926145648_0212_D.MP4,2,2026-09-26,3,Chieu,Vong_3_Chieu_14h39-17h05,14:56:48,3.8,1020,H
DJI_20260926150027_0213_D.MP4,2,2026-09-26,3,Chieu,Vong_3_Chieu_14h39-17h05,15:00:27,1.7,448,H
DJI_20260926150224_0214_D.MP4,2,2026-09-26,3,Chieu,Vong_3_Chieu_14h39-17h05,15:02:24,0.8,223,H
DJI_20260926165454_0215_D.MP4,2,2026-09-26,3,Chieu,Vong_3_Chieu_14h39-17h05,16:54:54,1.2,333,H
DJI_20260926165611_0216_D.MP4,2,2026-09-26,3,Chieu,Vong_3_Chieu_14h39-17h05,16:56:11,0.6,156,H
DJI_20260926165658_0217_D.MP4,2,2026-09-26,3,Chieu,Vong_3_Chieu_14h39-17h05,16:56:58,0.9,235,H
DJI_20260926165803_0218_D.MP4,2,2026-09-26,3,Chieu,Vong_3_Chieu_14h39-17h05,16:58:03,2.7,731,H
DJI_20260926170109_0219_D.MP4,2,2026-09-26,3,Chieu,Vong_3_Chieu_14h39-17h05,17:01:09,1.6,425,H
DJI_20260926170245_0220_D.MP4,2,2026-09-26,3,Chieu,Vong_3_Chieu_14h39-17h05,17:02:45,2.1,562,H
DJI_20260926170508_0221_D.MP4,2,2026-09-26,3,Chieu,Vong_3_Chieu_14h39-17h05,17:05:08,0.6,168,H
DJI_20260926185438_0222_D.MP4,2,2026-09-26,4,Toi,Vong_4_Toi_18h54-19h31,18:54:38,1.5,391,H
DJI_20260926185625_0223_D.DNG,2,2026-09-26,4,Toi,Vong_4_Toi_18h54-19h31,18:56:25,0,17,A
DJI_20260926185625_0223_D.JPG,2,2026-09-26,4,Toi,Vong_4_Toi_18h54-19h31,18:56:25,0,5,A
DJI_20260926185634_0224_D.MP4,2,2026-09-26,4,Toi,Vong_4_Toi_18h54-19h31,18:56:34,1.0,264,H
DJI_20260926185759_0225_D.MP4,2,2026-09-26,4,Toi,Vong_4_Toi_18h54-19h31,18:57:59,0.6,162,H
DJI_20260926185843_0226_D.MP4,2,2026-09-26,4,Toi,Vong_4_Toi_18h54-19h31,18:58:43,3.1,837,H
DJI_20260926190216_0227_D.MP4,2,2026-09-26,4,Toi,Vong_4_Toi_18h54-19h31,19:02:16,0.6,172,H
DJI_20260926190308_0228_D.MP4,2,2026-09-26,4,Toi,Vong_4_Toi_18h54-19h31,19:03:08,1.7,465,H
DJI_20260926190454_0229_D.MP4,2,2026-09-26,4,Toi,Vong_4_Toi_18h54-19h31,19:04:54,9.6,2591,T
DJI_20260926191434_0230_D.MP4,2,2026-09-26,4,Toi,Vong_4_Toi_18h54-19h31,19:14:34,9.8,2644,T
DJI_20260926192510_0231_D.MP4,2,2026-09-26,4,Toi,Vong_4_Toi_18h54-19h31,19:25:10,3.5,953,H
DJI_20260926192903_0232_D.MP4,2,2026-09-26,4,Toi,Vong_4_Toi_18h54-19h31,19:29:03,2.0,535,H
DJI_20260926193112_0233_D.MP4,2,2026-09-26,4,Toi,Vong_4_Toi_18h54-19h31,19:31:12,0.1,34,K
DJI_20260926193123_0234_D.MP4,2,2026-09-26,4,Toi,Vong_4_Toi_18h54-19h31,19:31:23,0.1,27,K
